gNaTs2.tbar.NaTs2.t.api,gSKv3.1bar.SKv3.1.api,gImbar.Im.api,gIhbar.Ih.den,gNaTa.tbar.NaTa.t.axn,gK.Tstbar.K.Tst.axn,gNap.Et2bar.Nap.Et2.axn,gSK.E2bar.SK.E2.axn,gCa.HVAbar.Ca.HVA.axn,gK.Pstbar.K.Pst.axn,gCa.LVAstbar.Ca.LVAst.axn,g.pas.axn,cm.axn,gSKv3.1bar.SKv3.1.som,gNaTs2.tbar.NaTs2.t.som,gCa.LVAstbar.Ca.LVAst.som,g.pas.som,cm.som
0.0033699137385244,1.7364782221544424,0.3872891079041236,1.935601972429034,0.1757993110646157,0.0047386721291191,0.00738957029545,0.5393192097031866,1.7081005541151589e-06,0.799293705407333,5.1587442051807335e-05,0.060015941215829,0.1557696973266681,0.2006069198215934,0.0128413628048786,0.0131864281903128,0.1105572268445817,0.0189357555490614
0.0063688752869532,2.740124909924203,0.6032476355765463,6.618000348706907,0.2566902669664381,0.0079416115412051,0.0199148223453324,1.156518520542617,4.40472396592711e-06,1.2564487112309055,5.950015958853525e-05,0.1077494599547492,0.2598011211834812,0.4438615147218564,0.0210384822627993,0.0255024777470832,0.3598850553366792,0.0467525477919183
0.0105407857765745,2.2646203497656474,1.0547970681284828,7.575126176004586,0.460940052055974,0.0179999773719311,0.0283732828505474,1.478352425055138,3.941053058487756e-06,1.5667636087067194,0.0001458482674261,0.2487299986339576,0.5084786311729858,0.5217738132606515,0.0365611646853129,0.0359029282202362,0.4338911369655564,0.1071397703054001
0.0199609102929209,4.452230010980924,1.6595183553686017,13.794009793298716,0.6039324482776577,0.0244136789369888,0.0808307263397816,1.5566792462602757,1.1487329519290064e-05,4.563166641368464,0.0003205531664986,0.7041573577251667,0.996611301897552,2.0802584195547618,0.0489101009301148,0.0250324182110863,1.1235219826167144,0.1529596116058124
0.0303980468454955,9.111757336788164,1.219122523021087,25.661882954818388,2.56439489156396,0.0573109759352091,0.0716855729215907,5.895470473908564,2.0244297050767815e-05,6.777752776644377,0.0003598344392317,0.8867461790426884,2.326581316238219,2.327915501957504,0.1097448939223662,0.1338150715647882,2.0878319746609617,0.2248508480303066
0.0504209948773452,14.393657927099072,4.070114952989247,28.838266476652144,193.70441660537236,0.0786280321372572,0.2114661494352261,4.993300737489777,2.2094265498150024e-05,12.212888963679855,0.0008764388708763,1.927192366158443,2.4342744614560976,4.466212619896383,0.3057108589286643,0.1656796158998257,3.365690031967232,0.4585116148496648
0.1271468533083876,21.398731371437098,5.622119237180282,38.516678244487714,15.283353123028084,0.1044989073454644,0.5124326267559617,14.963624087585982,8.318362925836557e-05,5.809298499212169,0.0021422947395308,4.65548836381176,5.095541370784739,4.511924840478886,0.4039807836228907,0.2911657112549757,4.877572110859031,0.3293742043759657
0.2546420680972854,21.514284315524133,11.917850352940446,25.80831815651162,5.370333701586277,0.3064565115133318,0.9685913040368338,22.802047315295585,0.0001260936235786,12.17691286254909,0.0025852408804566,5.560779364401684,7.3474212333571955,9.887218921038205,0.5845705818527087,0.5838743014681059,7.805442692539244,1.6560159418434188
0.007153290111435,2.195356707666825,0.6168680391625222,4.063425472030915,0.1039684683271626,0.0041584775784173,0.0216115336774998,0.4470130478461767,1.311222746646724e-06,0.7599546146781192,4.361076422596438e-05,0.0793962308021497,0.0951161271806418,0.513157340815938,0.0646762554675215,0.0247487673213545,0.3903505537347232,0.0003792926060347
0.0056446732932831,4.234853583017411,0.8289420986361521,5.330398522368543,0.211681006855646,0.0088008488641237,0.0260290986512694,1.0008223223141248,4.3548082842393065e-06,1.02394480522173,8.776838494970279e-05,0.1913598490799337,0.2282707775044188,0.8905107402503869,0.0770825141155651,0.0452525373815544,0.652762682281847,0.0093580077701944
0.0309211854062237,4.899242394567352,1.3003906357577872,8.74531786188727,0.2257794669319132,0.0111217686721057,0.0576634269913582,1.7011870903840467,1.1333564947875826e-05,2.1167134928366367,0.0001149457858409,0.2363687514296003,0.6431426380923418,2.4979668919071805,0.2019533284445604,0.118151873515297,1.3475969657765838,0.0417975724422718
0.0412127001976985,7.599294478896735,3.214490392438222,16.728233874873204,1.14458477926041,0.0230894455290068,0.0496604298044471,2.391278621623815,1.3552351793853764e-05,3.781600603793551,0.0001970360469817,0.3192061851319544,0.5912097395172154,4.009021528337695,0.4136934900280184,0.1874739228651666,1.759638472525071,0.1284808946463323
0.0895339314178777,13.18954510588951,3.9428977015053377,17.097765749832046,4.485921402634527,0.0424839323462795,0.1893566581119284,3.0313548608807994,2.4531870706709948e-05,5.388984246841793,0.0003741749008788,0.1212482655463235,2.1733104567134465,4.121772172883087,0.2807841215112334,0.4550541870250485,3.6036044155174736,0.1524859899661873
0.2374167643148222,23.006726186169782,3.7665197489496687,27.840994947294075,190.99313106565597,0.0903748973997626,0.4213038420684333,6.891463102072201,3.352526522130912e-05,9.555543848858887,0.0006272521378373,0.2358270220422781,4.594445354172069,7.78058787811696,1.336975568152634,0.709840548315163,6.166895415223677,1.07365571158465
0.3949955599406797,24.23766252259029,6.635185249623478,47.10263760330129,18.627585385087134,0.1397712540374894,0.7086908911987567,11.049401497381412,9.0464052692523e-05,11.928795847810193,0.0010794770403309,1.068162340031217,6.309785144525148,11.525869757612249,1.3340465538053816,0.6270006214109185,3.9315288629552527,0.6212700150207713
0.7127996665536271,19.0310307707246,17.88749922773467,40.54764969880445,30.24809072196584,0.1791228946907422,1.7139264884945578,13.776382944132006,0.0001265373190667,8.1318545835705,0.0014379641437056,1.4658449705283247,7.524395878267077,18.395100809671806,241.36976048855212,1.8934761145792387,18.8854405858817,2.503427380298817
0.6862484652709829,0.6894792159088404,0.323531830302897,2.260970040195404,8.28646995515073,0.0255846496376647,0.1105276013289908,5.940942161715073,1.559874206801993,0.0876217261603881,0.0758677155820083,0.0726743635931941,1.094364848078,1.6538493722402297,0.0765302093921648,0.6502961167491189,0.0521873639174172,1.6017919397637987
1.634790157889655,0.55039285021557,0.3843138865921063,4.524616994102763,27.795545032635697,0.0640359323265181,0.081002414308477,12.528789701611672,5.062625324625538,0.0337941256383858,0.0803204752388761,0.0957162668873237,2.8475885463821258,2.1192968965984176,0.3529738228325191,0.6838629961866445,0.0577305988653842,0.4146011538850855
10.234905538058436,1.0300103782229808,1.1424326739360362,8.113447969844763,4.488074857515439,0.1331724288245069,0.1442589626991243,14.921349702675768,11.337892310161104,0.329285920426022,0.185489042207215,0.1534578004389371,11.648620314441878,2.27970956268227,0.7916741718320421,0.8185528533551899,0.0824599489268815,0.6424061462281306
3.530337957027442,1.6737882396123278,0.8162120560009377,13.712886103233965,13.625331090423296,0.1988911929275321,0.3452646953431701,18.501930754846573,30.421658394587457,0.3928970680546497,0.3414980978567423,0.1981085811154918,0.47158304848571,1.433537516604081,1.4869547098884397,1.4017267358070349,0.2728923563778195,1.1516763384120705
1.5064772912303728,2.691065503790865,1.313351792552503,21.58972080535142,17.61838684623568,0.2109222440594672,1.2274103812551382,16.8138610194066,71.40472863126197,0.7181380772316435,0.7302378940182048,0.4578159322665729,1.1780467697365768,0.9578504166620746,3.018220863573076,9.591429916978624,0.3900347186485957,0.5806598994207862
1.7687136307536055,6.386451371645634,1.35647278408443,11.831407031376823,14.58692951216157,0.0184611783641427,1.3147115080645833,25.256537811302124,28.15820214522061,3.091245726901943,0.9141453692297364,0.9583665631240186,5.875149912757388,0.9665263560200535,3.05441412597073,28.480231472576097,0.8164355051718135,1.571246318200904
1.3034071286572604,7.948885412915221,1.965501290964682,20.219155956631276,8.573966554934588,0.7316329057208161,4.530065182081294,27.435021436321453,13.553108354357324,2.7769598814902308,2.5983344148279293,0.7443276448736119,2.327116923158656,3.082776285796132,3.912685780054105,16.461531726532684,0.7068222133786408,5.467683938674255
1.320793437228907,11.574268225223266,3.084046800281999,36.240660109778446,18.59724262086174,2.5567496007260955,3.499235109584911,8.026544823107331,1.2334720805579455,4.419526722770431,2.8349545382647148,1.128380412618029,14.177596844666578,5.130955732198446,4.540089998809251,10.599985068091623,1.1508373986598124,13.50934321122723
0.0862667989376684,0.0612283114099122,0.2110648920886486,3.7394034778154994,6.937499813920945,0.004357213467701,0.1826046785840953,9.659571618508528,2.4387527480923143,0.0909328790637575,0.051389830636062,0.053423486372952,11.1001239725541,1.3847055779188382,2.382875299872476,0.2528504376122117,0.0148625134187285,0.0445678292870991
0.8297191318003737,0.0142311014839708,0.4890473930813774,3.426571699526038,48.052892507114905,0.0112874109191661,0.3440445786953099,10.045360544079568,5.107876358659257,0.0988317548414194,0.1131911414116041,0.1382507187054578,0.1980766212806451,0.9140694021498874,2.9222168363183063,0.6094610995286163,0.0293528187277871,0.2049412691201897
9.377425849595603,0.0916379791092133,0.8478841603350675,11.937751866967876,14.67018906064662,0.0247143803702613,0.3570687290829391,19.06525344838172,14.299947404656212,0.1508335803841497,0.0667720647938643,0.1749712822882994,0.6113963603575208,1.8264771131910944,2.8650725538159523,0.5423412320016224,0.0527402331029891,0.29875319881399
2.009797401436934,0.1430998665837443,0.8443284070705172,18.500585211525724,9.778694480102926,0.0908633156491137,0.5932739636818066,18.599158229682445,13.804470994544689,0.2708071596764622,0.3413874729322556,0.3491991513481233,4.457788511869707,1.6299440286090383,2.53114325193765,0.545273107238249,0.2022493169594249,2.173457349248926
0.5967501258987747,12.556515153643028,0.6919999235514758,26.75285748831238,17.48732824564161,0.1646608357390227,1.626548128553986,28.000924246406807,47.0675289234167,10.256642186204964,0.4218778559108962,0.3501184653620648,4.226106266222526,2.4283307972227406,4.982423470142892,3.5765810888237737,1.1759410922221138,5.478614418852896
0.5536894958679706,6.602587431715035,15.194720900002268,43.21344757548832,23.28361967363934,0.2619444992405938,2.2314553078549357,23.843143245633787,27.30034591033165,5.289173344821328,0.8912185359330329,3.5632278562641573,2.48710589224752,8.470209120608288,2.1090342212367434,34.16839846437761,6.45443968537211,2.1854500258036387
0.8502222416188773,7.70462085675253,5.8901262306568,32.30139225187439,7.918478802881141,1.6662829220656898,3.301291930194607,8.449789695129217,11.640711823465848,7.878264061801357,1.3979412717540751,9.908444209932254,7.956731448246684,8.694575762923757,7.109995695598703,29.300549707726613,3.4270989489216657,11.151586956671984
0.9608317118284754,5.976453235842012,4.585891633245104,37.55350718091319,10.121772206565211,1.207708937117344,8.47784645771806,14.137050506992832,2.8262337817351493,6.86455505654188,2.427652426760042,2.107100414091271,15.361274794107786,4.40356055328922,7.971933707186875,3.081000982962995,3.0097697600992044,11.952220611553368
0.0299580682098197,1.1860149023402144,0.2153051338650004,2.2568113540327044,0.2516910144813216,0.0150116138228282,0.0941802194494278,3.123413896201048,8.516615157479515e-06,0.4388005025739637,4.107349446419258e-05,0.2064980150261934,0.3405709047497815,0.6194803224964234,0.1018457774446238,0.0743307066428778,0.0275511381544559,0.1291171207710299
0.0364461982319448,1.1132704956630812,0.4187271152945911,5.585584678647796,0.5956161345467974,0.0202888942501055,0.1073209709849762,6.415634508876352,1.7617489252650906e-05,0.5808376338671823,3.779779241773575e-05,0.3550013382917392,1.1771816444387622,0.7564515504643705,0.2552967222020746,0.1343262979052216,0.040407918532005,0.1190842859178455
0.0926021665645691,2.4063762833816926,0.2594871265783232,7.17787073255562,0.9261437171716204,0.048590313970958,0.4688825023751335,10.27482349254265,3.167294861315392e-05,1.0781039919017965,0.0002380817549599,0.8702290337151345,13.297123022579,1.1192554712496114,0.5311945705012127,0.1680208854001595,0.4479494985519827,0.033453924092711
0.1302813888109653,164.3938624688277,223.6270474511464,17.098778721329094,4.545269561579366,0.1038316528245789,1.0246720121101205,201.8277752325129,4.536040532071207e-05,247.2216409857737,0.0002434601646687,222.74314472480935,175.56054798049453,245.9882562591473,1.5337650796231344,0.479196879508684,244.10205708018464,174.20230103351008
0.354193599138896,18.97686812891524,2.701640468460794,129.0630197813147,19.28221595666922,0.1110599764121518,241.63533722654532,4.164474960695024,0.0001106732191498,9.917272361892838,0.0007550763936076,0.6950204897635264,0.2237571058106694,5.508467291947773,176.20305020010426,0.808554875671901,4.73462207975179,2.0870591590947414
0.6955246699573818,21.756941751894008,5.0277151571627865,15.055442619315146,13.612445655986711,0.2652787200283487,2.8083800436135182,5.340148087040714,0.0001432927400619,5.599467757042949,0.0012544808526477,1.755952435014789,1.779552880329672,11.566439823867643,2.314702970886092,263.1914558048182,4.351175643553936,0.1822627685304878
255.6548466151549,21.69389480575368,15.54723084251723,39.70126959429619,13.883381808904506,0.2653634558603933,3.424269377707565,10.480596529796918,0.0003527003894465,4.04691436028076,0.0018435072681496,3.2312822067271423,4.473244329046243,19.96957968070063,2.808583726348906,21.26375272044632,10.589456957882405,1.1194620960640047
3.106239546418335,14.548971929544852,18.197654595170288,38.0443662104078,20.498386643974264,0.2855726838542821,14.641714388993712,10.476951093799691,0.0004207431527471,9.927431350387122,0.0024763383453293,5.126155893606101,6.272342479235538,16.093400153807732,14.66806985277843,2.343112396021565,11.880719760303078,1.9392034517103425
0.0,0.0,0.0,3.5186192971844665,8.109079623395106,0.1677297369453942,0.0637243396288331,1.1263198960212275,0.3917267744238871,178.9515732086378,0.0061440649276947,0.0395967295744635,0.987885894382551,21.126712641125277,7.206289985683544,2.343112396021565,11.880719760303078,1.9392034517103425
0.0,0.0,0.0,4.374497303987591,8.551991873202923,0.2682604346130902,0.1014987432578934,1.666477118726,1.1667126777831345,1.1657733169887423,0.0097234351684944,0.0995856603148101,2.8817956734120296,9.05608406030651,5.700599626703033,2.343112396021565,11.880719760303078,1.9392034517103425
0.0,0.0,0.0,11.119410226874349,13.9295631322182,0.9085204737634658,0.1575031802360727,2.6591177949033398,2.2607016352698555,26.11195296447714,0.0173126467410467,0.1070356149484521,10.346501169429066,5.509562957038487,6.915815251489903,2.343112396021565,11.880719760303078,1.9392034517103425
0.0,0.0,0.0,15.448520544427575,14.597213636998182,0.980343045045568,0.1290864912748047,2.1444353809549828,6.705400240641477,8.55497866738841,0.0480887986411922,0.1586606413309969,5.333867566718878,1.3093955137285618,4.23440587506742,2.343112396021565,11.880719760303078,1.9392034517103425
0.0,0.0,0.0,36.117601024262974,8.400028100151307,1.4675209912647869,0.8181004012492481,5.037355743894937,16.383819119061346,7.613151880786274,0.0759994592562238,0.2307387534613655,4.560104135047482,6.926297955335105,8.11035425696146,2.343112396021565,11.880719760303078,1.9392034517103425
0.0,0.0,0.0,37.328589174913326,24.991444743208262,2.393788171390003,1.1177563005794056,5.846440446432258,23.406216684926623,4.851682302517106,0.1633021490194273,0.3507248946985223,5.906246264765013,7.122189554313645,7.796848431149318,2.343112396021565,11.880719760303078,1.9392034517103425
0.0,0.0,0.0,28.409288554555285,136.6339945945699,3.395083882220453,1.6039397417723544,12.671911987993951,35.47891330640933,9.396910155007715,0.2647771861992808,0.1824185073464148,11.306885129088627,7.512576319094229,10.270680212908044,2.343112396021565,11.880719760303078,1.9392034517103425
0.0,0.0,0.0,38.32384860720109,15.41233874567174,3.166394935113399,7.245986804618697,10.524076908485329,18.14904951232701,11.302577408451231,0.6085655178667262,0.3389463448591407,4.97935752062656,8.52929722991038,18.45752510163345,2.343112396021565,11.880719760303078,1.9392034517103425
0.0,0.0,0.0,1.4712373798826694,15.788986484527484,0.1726253419056637,0.0620230918644486,1.2719429604507917,0.4159409066708744,144.01753827610668,0.0073989551566739,0.0545814653853148,1.190254909612026,4.016901468611201,6.484547084664739,2.343112396021565,11.880719760303078,1.9392034517103425
0.0,0.0,0.0,4.860534837701547,15.77443507327781,0.2922043351861423,0.0750406079847541,1.7546917636126431,0.9967512636949862,1.1431053583758597,0.0116930617418038,0.0449302803266221,2.870111153912985,6.99959650509123,5.5537449116353725,2.343112396021565,11.880719760303078,1.9392034517103425
0.0,0.0,0.0,11.686246889238369,18.901392154628503,0.6172903066501468,0.1552898935069034,2.5179128333475598,2.2463791524352383,25.22692065421264,0.0154794369577186,0.1360678763685043,10.168352211707065,4.165423832878695,5.277431270273866,2.343112396021565,11.880719760303078,1.9392034517103425
0.0,0.0,0.0,15.444254222394523,8.134851813674448,0.6745043943149869,0.3484192871019031,3.92983702740594,6.812181243813016,6.315216173093212,0.0417078169646511,0.1837283994269235,5.95263980008016,1.6305940803262122,8.200308215085228,2.343112396021565,11.880719760303078,1.9392034517103425
0.0,0.0,0.0,26.07225145929015,6.595780758653596,1.819320758110948,0.6159749731323692,4.463651043602105,14.023073819584445,15.609175724284968,0.1022873500618193,0.1867121219043006,4.503367359853247,5.4550249238904565,10.505220821753086,2.343112396021565,11.880719760303078,1.9392034517103425
0.0,0.0,0.0,31.61053785897961,21.70910872368585,2.078310961601164,1.149223982630804,7.162329359637448,48.8775418688387,14.682484979153408,0.0951330979268064,0.1965744686365982,3.869843086773594,6.917099970954536,8.56387686989658,2.343112396021565,11.880719760303078,1.9392034517103425
0.0,0.0,0.0,39.21433247315208,151.35245877620426,2.129193792885883,2.589874854814005,15.638933332721106,47.47597173721191,5.480180207012207,0.218725151237005,0.0725787496636943,11.348622104943017,5.437663141882303,10.168782470804036,2.343112396021565,11.880719760303078,1.9392034517103425
0.0,0.0,0.0,43.44792811439117,6.849532793117238,3.551968772311384,10.73854934129414,6.725966535112913,14.157127590395282,2.765108830205202,0.3243858153707797,0.1574994129167671,10.940504393342056,8.443758995808514,15.60264480082304,2.343112396021565,11.880719760303078,1.9392034517103425
0.3591574584105521,0.2117905044750753,0.1547810934645761,2.667087068342104,7.517901486164709,0.1719940252081046,0.054404135583474,1.410904260571218,0.4748603705687564,60.87450904966679,0.0068724139929319,0.0016887963282779,1.4724208906097096,0.9432266365810764,1.7985586116235008,0.3464481069622686,0.0381931836994005,0.3617779022674959
0.563463617085012,0.5420091031766077,0.2882542622116501,4.096482953793448,18.68191769709489,0.360669613610943,0.1385063636944199,1.9460527788894608,0.835740195856769,4.504576663238576,0.0140660522801503,0.0589405469911901,2.8094618135393854,2.2535922035957303,4.317008704893375,0.1834293567104581,0.0681834617971403,0.3445761874658002
6.930924634840665,0.340159776165875,0.5390959624940415,4.748895097677547,13.97168737801812,0.4571399222764052,0.2896396054778591,1.885093434116516,1.492934047037232,7.0618674590360735,0.0179984467826253,0.1210871598622731,5.557834693041352,2.882955771578863,5.427250405761643,2.2249430615013277,0.0952406644192305,0.9581895510829248
1.938650579789298,0.9672618578536878,0.6086614057234697,9.746352350857034,5.553775773814252,0.3510640934715489,0.4914165010627794,4.351453097499577,5.2228123464424,9.168302670164314,0.0480783383660578,0.1374188490618949,4.286961611128442,1.3651738456928924,6.1949508851186685,17.866944818233677,0.0735792348588248,1.8212393190640472
1.2607429921392257,1.3522798844119728,0.8581352273173566,18.92699297551293,13.043796075822913,1.0576978615069266,0.6449987666365726,3.698896968954636,14.73786099187928,5.106725435180137,0.1130545274243886,0.3244105689403396,5.811055965350702,2.621514164033295,4.066044251784684,24.756419127630487,0.1942274862640172,5.660240174147535
1.5319258038216916,1.9543010359852315,1.1711503121918412,18.159181962745286,21.582877880756847,1.788578731365296,0.7590266212782528,4.0413254143112125,37.99549460358543,11.890839544725656,0.0906295315313676,0.275048451291706,8.114233578245852,0.6506518849571694,6.290454644414486,12.965159701572697,1.2779105621261664,3.804935372577678
1.0942083154498228,4.235145445626614,1.93670458706158,63.184464979011786,24.38912097094728,2.5515539562016403,1.378979721050536,9.84902360112741,34.65522958486795,7.629388762340279,0.2783232176169899,3.45412715787022,7.159622019083529,3.708716788023697,4.132713707131491,6.284527466611323,0.2933813359288028,11.71589038828528
1.5540945859992763,6.754542045249672,1.320497505853583,38.93012880330659,195.637200901428,4.732826759614869,3.407065533340222,16.042175656773928,10.847186824516786,14.99248101765812,0.5754014597825149,0.9988260328429448,8.630291466609572,5.19562430642153,5.124285948382742,13.608400658147255,1.081210783335528,17.765371441727282
0.4158835247511154,1.180978174572002,0.3986113562543411,1.2956589624616344,2.912528452149673,0.0587946817112342,0.0349874099839762,1.090628600351366,0.2676432766509817,14.08215902960264,0.0079627037237758,0.0309804527454586,1.2163193346158103,2.6959702574930904,2.7688428540181835,0.3696355541584299,0.1793791134269309,0.3212267885292348
7.990419332500829,1.726714971685741,0.4362027271039194,9.27195726884866,5.868690036886917,0.3511137457213995,0.0696159084708461,0.7380663476632848,0.4815732645415644,1.0106911849637377,0.011182862486035,0.0633300100257144,1.5630651975012244,4.658971389939163,4.951163655880183,0.1067113062218325,0.3794084704929197,0.4971825043797804
16.00858737940289,2.570555144424605,0.3397651239093378,10.432413397533146,10.731751260890109,0.2478284746005964,0.1485685786916104,2.271342114958593,1.8650586026523088,5.361783082266048,0.0180784267357251,0.0842864232645552,5.7428562057358,2.5690014674149686,5.491414691717788,3.204475232808515,0.3943992040120508,2.0772404586549635
6.465098571936919,1.1209171015024917,3.0539341821621044,12.471698949325544,18.939309853659683,0.4783798940173793,0.2378752529036947,3.545393285726014,3.6744008804336215,8.713921132392544,0.0114837508954678,0.1617862070049102,2.836108850066999,1.6339439467730428,7.462562787953003,17.599669164187855,0.4955869999566181,4.180812575211349
6.276142172302304,4.381284187153309,2.757016098155748,42.3378917285623,12.045207080166776,0.7968833107406832,0.5914796098282419,4.929048569156739,15.204003033240143,5.957218075867687,0.0381775652212722,0.1600818738238097,2.8705890943608323,0.7676601912076336,6.703459139798185,21.8830245839495,0.7295987316756044,2.9294042996187386
1.4463319378551485,4.832590621506244,2.4713601309867377,25.194221936160705,24.46420874175953,1.7872929450677366,1.1096819611682824,4.852610533961878,35.77407228293169,9.00940501949644,0.1183586676420917,0.21673114987144,13.057343086770588,1.3573395476083618,7.956417631848163,29.982610696928504,2.690761130665039,3.957837464509725
0.6118747553306564,4.923560096089737,6.391608493573301,24.64303586027137,189.9121647913088,1.762362083749119,1.5774609021305177,7.662540427265625,32.476949810853355,4.713458136560314,0.1782008584390297,0.0712230313855135,3.4590214659703973,9.156838812890486,22.400294979447384,3.768465792016644,1.880047786996318,17.2157686092482
1.0196546711630854,9.091035194178891,5.493970941637908,20.71862518405073,16.13821870237346,1.4763558352002524,1.9809442777652284,4.512494932332755,16.50372137225713,6.093791774019145,0.3142976977883714,0.5929475907006607,12.166914251322536,4.804683565150435,11.010080231471624,10.0525039829076,3.518783428587648,255.7708300618721
0.4562387854277939,0.4356963830923327,0.2657594284273026,1.5787855202393035,24.33762776379773,0.1523341889165247,0.0363073618362008,1.4434592356396063,0.3995695062836569,89.53709832010482,0.0102781076100452,0.0273172049106245,1.039223553892955,0.5849370322866432,1.9118586980071,0.029616155809467,0.0412547789013646,0.1047975478445867
2.652296479805705,0.4843641624256701,0.4093412863026995,1.8689002571211333,11.841887015542452,0.4152048949309004,0.1311287967467629,1.674483606286832,1.2946755725538084,1.3310178626838087,0.0054928954712855,0.071197697054138,2.580286641333541,0.3649601280022401,2.6718237504204816,0.3832684366305269,0.1272714617891093,0.1080704934208016
13.15871336790202,1.1149498685613908,1.0051829641304662,8.226851363289926,13.65267999289848,0.8345260564410837,0.0900383061705514,2.255823866345481,2.696766312742388,17.490699520342005,0.0291289697025532,0.0745254416216212,3.2450826136717863,0.7964486633044395,3.3342880420373238,1.3986281295854304,0.1522713447096346,0.0463825825495351
3.22311191238343,1.6166476043235047,0.9340154065176473,18.60225738146432,11.077068758995066,1.2333699939967282,0.376556201532409,3.4375728866088133,5.78233996268553,7.635534686996831,0.0321613346443155,0.0448361958389721,2.984687953225423,0.8401114822291041,2.1021103194912185,10.534137191405144,0.3277657121600514,0.1164252408260146
2.4704025648982166,3.221647759383115,1.540636335262379,20.154280331477096,8.127160834246968,1.4476275664408371,0.3356229376138003,7.495888339158559,25.754315377905755,8.807089886385455,0.0885840263637106,0.0535570184474314,5.411277891422742,0.1284944880453161,2.96158191983986,26.70206263001562,0.4446262516407783,0.7431840198283312
0.9494641361981492,5.085957993098599,2.418647045219654,45.57076241005774,6.243576528040303,3.29001874771594,0.8979421909595764,10.47600073433009,19.444770623393207,8.40060550771807,0.1823640051993553,0.1274765402791895,3.3001505203777817,1.2824244722805456,4.760846712730451,12.394487682459408,0.6474299502336242,1.5093120433767822
1.269582354296352,2.285732513353364,2.8469800194764323,51.25392563084927,146.20981603600148,3.099285220615384,1.4308676969974077,13.66112357983255,41.4070943343456,18.39157017150885,0.3785246452486051,0.6838382309784381,9.250895553625826,2.197635038553836,4.577977110368775,3.372493551551554,1.104045714838111,2.7181608814867064
1.5466529608583266,6.907367551184867,1.899974852820876,26.52914506998526,6.976446568623016,5.184170752075893,2.9287740965877678,6.458436928579309,13.385551875830572,10.604046584487406,0.6767808959565605,1.7783538902708271,6.105612810105199,1.535124860438148,10.193303005587332,7.024738583839767,0.5173613336350604,6.6676044642211965
0.5729365452636009,0.3885449494670335,0.2113032244905166,2.676274240406705,239.19188408532327,0.2389278148451,0.1137114363273242,1.761906917447591,0.6396756141406779,3.900538254029281,0.0109435414907548,0.0630561954862696,1.7529478077490803,0.2963312620653577,2.0586287234982907,0.0490991919091291,0.0061296708193879,0.1425166143476338
2.759093811088305,0.5048048838107964,0.4435509144766627,2.5137572266398136,24.19515868044213,0.4298676267329267,0.3004066354862038,1.8734276642562675,0.7081013014201127,6.6998887737090165,0.0077735239052274,0.1545211559433359,1.6631835587170414,0.475284134991745,1.8401266361273312,0.1427473934947783,0.025874902859207,0.235629912130397
8.038896673920812,0.3640939806972955,0.2675656981189327,5.669145089274401,16.10484464308835,0.6708589296815503,0.2985010740130834,2.8411247261357904,3.4926496284029414,6.83876792983925,0.0432449152998727,0.2623754043670683,3.428301278435256,0.4621104172184802,2.989568886516777,0.7977371232797692,0.0301558387875635,0.2037568495532611
2.580612341360048,1.035082842316798,0.6012311266593464,7.231257902363901,13.342619828526091,1.3988096412410371,0.6148690770007644,4.188295720880352,5.720054390815165,4.347696540902905,0.0534848680432957,0.4723839033451379,3.9969474983358335,0.7762749543150275,2.5154167197714887,8.287748952813809,0.125055582013076,1.3584265900938044
1.4249100270735324,0.1755336002828743,0.4501263162294234,12.360644988149032,7.995189211522529,1.4007786794956996,0.6896152450884192,3.6675643287353807,12.116657268353016,10.877589889345542,0.0503263168447679,1.7848781471393034,7.899823108894224,1.0366160686880768,4.358822339100479,19.147478184783264,0.4712629814783347,6.152352739469305
1.2134795527104376,5.087247472707867,0.2376974864454713,34.75404061216824,3.836840588958749,1.812627452542755,1.0502813692299422,11.508989215324853,35.12042485466179,13.892272999813036,0.0667216765535727,3.790013799122971,4.836565883442608,1.4360503289302669,3.490812605375306,10.152636392552177,0.928336823906171,0.7977803745250325
0.6822927361188562,9.478793932752104,1.59929141282894,30.25401029157987,155.73515286778587,2.90991820314363,1.9344541998330336,9.05127107360233,15.815220316705096,4.353310381222991,0.365988478251159,0.2421354628441236,5.944143705370935,5.255612614042484,4.914483008768526,2.1207870936568454,1.1916464108342588,1.8452830462072591
1.7009810655534388,4.2096715485516825,2.488004172368101,36.86156260136808,17.454153037310707,3.7015604335952346,4.462489783536344,17.970974407012275,10.814239942541551,15.41972677862194,0.6403569207456316,0.8345279978340239,9.700049799422798,7.301423237645295,1.8919957604477955,9.416544890168137,2.294590311551539,12.165584988411796
0.0895457817256419,0.4629018760821231,0.3226803835165919,3.3552525296386184,1.338886805840492,0.0153326069479753,0.1511279740649355,3.900800358966429,1.143489030954683,0.312704126939323,0.0396757613470743,0.0136970389053198,0.5041395940331158,0.8283010540021021,1.8043465626754345,0.4180483215496258,0.0180100899607173,0.1148922077735792
0.1994313299090166,0.7742025783209655,0.3651695946162021,5.331593011103339,2.5691409850631355,0.015458849439303,0.2816237911200309,6.982077857066256,3.94979393179282,0.808054416234173,0.0616898671196757,0.0481089716266253,2.373995007802655,1.1682796205717705,1.6375548937402804,0.7490541372071212,0.1288510164642632,0.0807277438027661
12.401743671132303,0.6636648142447336,0.5887188995964274,3.6710464728299375,27.05460712163652,0.0283679299637104,0.1952087399873639,9.053619614342354,8.599728060250737,0.9107785280486276,0.1233586400882501,0.0283612791688625,11.34241640112436,0.495315035329022,1.8284022040275385,0.8694940310202081,0.05108819130064,0.2095001737567687
4.00627646473724,1.5731723309241612,0.9419822401422628,11.700129054418747,25.477912983477427,0.020209215970646,0.4450046160004562,13.527051161667051,33.64957907265682,0.6780380232334023,0.262088803470458,0.0859537824865664,1.3024574862397769,0.5629813142642396,1.397694456228411,1.4908089251720873,0.0725682184603441,0.067482372299881
1.293572513196814,1.6281287090580665,0.8207777348448447,19.906187808527367,19.231523803893214,0.0610783553706662,0.9937435377027662,16.18819941173839,58.56284671515745,1.5109423858608189,0.3947580092296209,0.1517964594373635,16.193246228372672,0.3623828716786064,2.1280915185655545,0.3679550508893074,0.2377869600270457,1.1093029980846063
0.7312818166938231,7.416257925133783,1.6254910092103927,23.30752508603992,21.350155191216068,0.3924906292947427,2.3861772794841003,19.864167822749614,20.94549019922726,7.545042167084966,0.599906165589007,0.7352639732699939,11.52758659833136,1.4363412851953363,4.505314166773306,10.407074918758717,0.2706908495292425,6.837144743151303
0.8506928515613462,6.337060359364758,0.966608679143172,36.53985040499951,12.955751726636448,0.7737390194992539,3.9330544181854576,6.53690731151071,8.9452055716435,3.970187979638255,1.339514242763861,11.816816535399946,4.921997124439584,3.0217501063906447,4.5503457040523445,23.4413224769546,9.282169194373322,0.6745922340648304
0.5810736956486398,5.048199371042685,1.9092643730602776,49.247876930426656,26.554880485060167,2.9344535946456745,7.659002095982985,13.291746328697764,1.6036707515191897,134.0870945174506,2.179028917356835,0.3984682974762544,7.290706242679929,4.227345496748358,4.437843335175445,3.266251228046813,2.637137472188229,283.6253809137845
0.0780704978910468,0.2086808071527122,0.1735838312560196,2.381793661602773,2.9088121087787706,0.0862763782533835,0.0979338071976102,4.122194943319713,1.1131714145620568,0.2003023459076763,0.0781509935570512,0.0272089672482121,1.6149591665212144,1.8181021506843005,6.905698403216895,0.668857793910698,0.1276166719447329,0.1265876524270809
1.7272948619865391,0.468840655674044,0.4151398039643279,3.858489382057008,28.908714664276392,0.2087410276456799,0.2016601922263958,19.12279205293497,2.585737054260021,0.3497366522159213,0.1906952693926505,0.0721871858738426,10.530206816546944,2.0091793875668698,3.173356430722714,0.6949134878882482,0.1937240829091285,0.3420386728780358
12.188902561479694,1.2347717100265172,0.3548778512251651,8.657554241031708,11.788877006763492,0.393448798073173,0.3402804174710221,16.26101881343033,30.48863979531997,0.2180362724659977,0.2949014665757272,0.1440468769690838,1.5581399536201543,0.6293370637913296,2.548220172370727,1.3644701230622829,0.3549576925545497,0.9501464726226558
3.0162854322481567,1.536700958545538,0.8583589716082048,16.91817124841596,53.48324021521102,0.2947913556032391,0.5161935894663283,20.65430063289674,45.03577351723577,0.0637084512577008,0.5300691067216176,0.2862574158388365,2.1948269952195587,0.4573245078656309,3.857058647550766,3.83841605714866,0.4097890381032996,0.6320278245261354
1.3043051279578002,3.21880780285885,1.3269856137042877,17.216704554558458,21.119790571501365,0.3257311153798031,1.1289813623602274,14.414281642597762,89.76605801944505,0.4899803419007739,0.8717488617116532,0.3541444656477084,8.230611214827373,2.249273245743092,3.9172818679980814,29.914722703359008,0.9992574234164184,2.091938851072436
0.8765042016018222,1.9591705028138235,1.594617279998415,42.9287372923566,27.341200314247114,0.4686778254019402,1.5644070112188402,18.411454043161992,48.24708173406186,1.419709749190276,1.6421262176049831,0.2533208068299225,5.554596727866101,3.2515347728851967,2.570030161132997,55.20981258994251,0.4418862385595219,24.078269529328352
0.7824179040884929,4.400251529613736,2.435515766516747,37.04452515700953,9.545656894414366,0.2101599322449705,4.377279238919352,13.584335115888829,7.726769105140994,0.7452270020440165,2.1325737748564597,0.7822504384200043,1.8098315092945048,6.446894767851024,6.20266977832832,19.78846430629811,2.098095157279797,86.6079442287092
1.2249764566698405,4.325266929212454,4.731351631917269,27.1273327977883,7.603489760792111,1.9301324952564285,8.148170147194724,15.418557881405627,1.35792805633362,7.209197853300013,3.830392204091013,1.4887050490412477,4.453541635336609,15.022301066842996,8.124182170470219,16.576962707518994,2.1660928639901904,9.050377234230623
0.3468608989601635,0.7192718853971248,0.1506389802913899,1.8728363205182923,188.0890049823061,0.0255569738442196,0.0023881604104251,14.030498979337452,58.67179621759705,0.1429802966130477,0.0001486892968175,0.0661234814466475,0.8333205251315423,1.3161503631157168,1.3569976032778923,0.1632734419068018,0.0369840677537281,2.981459685051054
0.6184504925495953,1.1891346611756353,0.2413451648913409,3.1673448241328326,16.499684191066603,0.0168700499141464,0.0055149194348438,10.936020489111248,12.636776940738583,1.1065985396436178,0.0004382554517318,0.1486104459430196,1.6907098691010176,2.37148698112478,1.840388546664948,0.2028758383931868,0.054381551253607,26.98677362836095
4.229507965746185,2.1630126957388773,0.3791345383842747,3.120865682381816,18.345816989765822,0.0758811146363262,0.0161279586792404,10.183594450942534,2.889149711116047,4.078145256996372,0.0002368261767039,0.192139187258375,4.621841694472937,2.2956974397263625,2.6100249932120727,0.4514398481289384,0.0773060085382303,0.1335718470641241
3.647867928497844,2.005397000390388,0.5508574258931257,5.766263595265582,14.226104739317677,0.1429264445617121,0.010107231145702,4.554109789795751,1.222633597384585,3.28640855726853,0.0007706097854107,0.4612649242550793,1.7646596743750775,2.6271072323784987,1.27002593031976,0.9923069987610368,0.1960373756866448,0.215764277220268
1.3522839174734025,2.904143432651461,1.1641404403646285,17.080566935634288,48.07402944014445,0.1793194507634517,0.0684735729757258,4.396167000150212,0.1064723110089098,2.1583440155841265,0.0010982624274731,0.5463868488106962,5.203566683442186,2.4897437386552417,0.7603097812042099,0.5138102535442669,0.2237257170147604,1.3489180668242835
1.3754013522776272,1.2555797734247414,1.830700264620072,15.75221732328244,14.004340094712374,0.1284244594415962,0.1179976458009292,2.05054561615916,0.0367287243887909,5.776254957493528,0.0030071031241839,0.4108620416036882,7.079410355434174,2.457161260298886,0.222194138006903,2.4958049801685336,0.164034983700837,8.622742566988487
0.3762504154165738,5.252246389056932,1.841759690082052,18.05045458660061,120.01781865180158,0.2291314130816275,0.3886645856008027,0.8190626532789825,0.0601817360014417,5.1555653652872335,0.0064692491181643,0.1697137810792101,9.110631836115672,2.6019860787746696,0.9669217382607932,15.574588480194617,7.620206809208887,7.939659165472667
0.0254893202702514,4.250599096699633,0.4204107481568972,41.20252778260852,4.995121882998234,0.4642274183469323,0.6073840925131871,1.966834108818454,0.0510724980027478,11.706591542017325,0.010404530437705,4.288738456571259,10.14481902371388,4.61124253776274,1.343450705938537,12.393914076408436,1.1993615456489837,13.46706447904018
0.3554355406372564,0.5231226719183303,0.1076029267753243,1.1736008439259684,4.82223324920606,0.0551778675052962,0.0363232011731557,7.862707551231493,41.284025990508255,0.2800399498198344,0.0001750153453761,0.0063100266624173,14.462443278687529,0.7568232836839353,43.49521243040871,0.1072006394357245,0.0407207992517969,0.1359682394289434
0.5646846630460436,0.8608536520012421,0.048413549648741,1.3204117183442698,13.408990375379698,0.1043110144769183,0.085317533317058,14.95636962821701,18.879198203014155,0.5344243349733951,0.0002381062850056,0.0268960053747358,0.4990356212246029,0.7114248937874725,2.8357439438299528,0.198984220948316,0.0515275788477357,0.4562032906522577
2.206524782595529,0.4968018041796938,0.1539019741585635,4.079136530653986,3.076203358513633,0.2027731855819072,0.1625605067177686,11.022920872826784,3.619013053590044,0.6706411210168531,0.0004139062875599,0.0512235600212332,1.144897626858353,1.9289759739241847,1.3122190736256207,0.4524757885946307,0.2050746389750415,0.2796593335103839
1.6344664235477375,0.6884167888921829,0.2154177496199295,6.3992950204740655,1.3350533227698325,0.3114139294475512,0.2548327785170742,8.122435197355632,0.8358685932226284,0.3624781533283637,0.0004774966654643,0.3094680615678924,2.560105306643492,1.2385278546280922,0.9412678434776044,0.6740409740226894,0.4985358708419452,1.251789121037495
1.0281950977187064,46.70484611940471,0.3115553704531397,7.479911149636483,2.4608522128176458,0.3273839041883546,0.2617548153069362,2.43696690024912,0.5895827472266121,33.06634415527978,0.0016835693479895,2.032057903085222,39.98605793001419,45.75912811870738,1.1572969100452648,0.7493861377844779,1.8795469717407025,48.2268130073599
0.5321194689538421,3.5042466795151923,35.39633533800781,13.728257980200151,12.977651829303772,0.6418945995694088,0.2961335103352295,5.195854748630952,0.1681646220857337,1.9513910607719671,0.0023685116518608,0.8369208597253007,5.52407061270402,5.3602632445444645,0.7631772117081793,1.8208264058676864,1.192757510184602,1.2016646647977876
0.2169415781819974,3.938009538635773,2.1116009312807127,16.883114379698974,83.06329580984831,0.6425162500624395,0.2891159959133034,2.2884823518349044,0.0199912633151687,7.326437420244948,0.0057817735412749,1.3948822129032792,5.747779356932724,4.004703285203149,0.1423162415912057,6.100453761023863,1.8741100037443172,8.80268340117432
0.0240838534543091,4.820619179035059,3.2889561557076625,27.27415307582186,3.435189837268709,1.1884941521327974,0.2204129016996416,2.1137306349148046,0.0847824090046463,3.286565990930366,0.0045581098978287,1.722445787426345,16.019716052962544,4.444036861026438,0.0672330084532889,13.388141179937035,1.2997630435327878,8.40699534590147
0.3333385983995178,0.1425447607602144,0.1519387129594863,0.9310215896498166,0.5068640968917387,0.0454676399856619,0.0004117374805317,13.822924217960916,36.280846144140256,0.4616460968537116,0.0002284864490169,0.0523350697129252,0.6552740216929476,1.094648069508255,1.3491261111993218,0.1787836783489571,0.0007577984146806,0.1037219697483965
0.6365542405102823,5.346856355954608,0.2082418208235939,1.5829333970670196,6.516699157601757,0.0646569157697413,0.0011557412330024,8.492053576883277,17.234587822970596,0.4745269068505762,0.0003270645263872,0.0369402051423117,0.4507956165905466,0.7984938438725898,1.2153298135944306,0.4352510354900685,0.0022749009916151,0.3494777277179642
1.6813575242134005,1.5141564855307343,0.329340594757359,3.3477639246459394,56.66815055400957,0.1724838041396658,0.0019131823872706,6.255283097906193,3.1020304323795007,5.589705448185056,0.0005270908438564,0.0947297525304668,1.56353471106522,1.800857287799545,1.5768987751922896,0.3226678413418458,0.0046787663375784,3.743672966864666
3.638563229187745,2.163342206802626,0.6854253089180544,3.399184818448396,1.7435177117895826,0.2128931109967981,0.004710005243726,7.247540771581689,1.5563090747480064,1.1789289878778415,0.0016001122274797,0.2729239781674214,13.756913494412004,1.7544900008685849,0.936803452626769,0.4714697667329711,0.0244232988485612,4.225718321445164
1.7208095738990736,2.824608332139685,0.69890236877957,4.996592735207835,14.033261189555107,0.3070924311700146,0.0240526785830242,4.560036213727155,0.6042103021376943,1.317148135928308,0.0030152254758735,0.2912062721492072,3.4840591692057314,1.383876675868302,0.4831953588302355,0.2047350918802386,0.0101775145468142,1.0259336668953396
0.9124193026684292,4.065766827573087,1.4891716327249065,6.064095934023149,0.394082027008078,0.4786064135995481,0.0048059860658028,3.016158569031884,0.2203591400846023,3.1628218474338974,0.0037050576611082,0.5305421892482457,4.558962641356335,3.690684570580049,0.4134597634926358,4.799980941519238,0.0156696115998994,4.76276899809007
0.1564210932062475,3.028486459214727,2.0646619713778773,13.298191796614429,126.76594708388006,0.6396377783362085,0.0323212589583229,2.055606343409416,0.0119629618113638,1.9575033319235855,0.0040002909590071,0.5987947587870474,59.86662421318991,2.105350126188463,7.773644378414187,9.375954686981338,0.1080998568739072,2.3368897352278584
0.022575306416268,7.757416122652455,1.5029760447450238,31.75328147941052,7.329197212951478,0.431895625959098,0.1215089206838879,1.9932292304614088,0.0843676620038504,39.30128246486044,0.0062486661425346,0.3097992351431685,12.16041359948304,29.77103461804394,1.7389745026434689,4.04919321022166,0.8042558798015398,5.523013267255862
0.1703156103850676,0.7203147079373791,0.1470735089350994,1.5372499261454575,11.382839721910644,0.0074313735104499,0.0542364742142994,18.04565256467646,4.085727018922162,0.8475282558993645,0.019706037695507,0.0538797501814156,1.2681846713811693,0.0457345745772848,0.4024269091102094,0.1754097657226446,0.03323769489519,0.422498687313396
0.823966443369508,0.2791812056129191,0.1236926941837224,1.2057150271889956,17.35708813352968,0.0152779908693843,0.1026729021027769,24.029364255152664,21.181320390616307,2.038759169233495,0.0376025376336083,0.0691616614665194,16.648153195246834,0.0135664240051508,0.7735568342055386,0.3595581230898698,0.0632185160594249,0.6455674253402917
2.405706067237303,1.1547715508900458,0.1920837435010022,2.479493671473337,7.3217876395242225,0.0370606967588196,0.1383470389127237,17.403537010306206,33.81119160680749,36.38942397979988,0.1059252516088305,0.1005655158047841,1.1688145652311843,0.1146834256813526,1.2421415468432195,0.596743449388128,0.1631495294783382,35.482607139005026
4.3001895709032825,1.2221628043286523,0.6412279129822029,14.092354975292372,12.465715072389678,0.0724010432625171,0.2469244400151834,4.509906701239566,21.800591838185177,0.9503619734116894,0.1581553679974059,0.1675077278976248,42.32909288805743,0.4508106220742559,1.3830194012196722,0.7408794508996324,0.1714167689444406,0.7281541412851833
0.4126116437953113,2.317929776229997,0.5814465761499181,18.17291047883144,51.91689467890854,0.1899727775391456,0.4322969098478351,5.2255848889679815,17.799930132937913,2.534570248568043,0.1827530489608965,0.5691079664374318,3.8520444697509375,0.6498822361233921,1.5138850169862874,1.951250785188916,0.3770227951522716,0.1778990021749288
0.3814454851001342,1.2266025575856323,0.8711430549901376,20.99462623802561,16.177914571122987,0.4559690499137372,1.115718240614448,11.291702600124715,3.17166470588161,6.1142091565290215,0.6431396669128739,0.8525485265133642,12.67870554926018,0.3078429557978252,1.0184909682365535,1.171614679869199,0.3742989571283481,2.682283501258762
0.4044184556651194,6.00555317953413,1.2616809768831845,20.892244822623542,2.7278491085752856,0.381441031949374,2.016764304919461,6.104111178270654,1.7363221251065208,2.439986835901942,1.2449077740499797,0.3950462466988125,16.294943084211322,1.1189892854979429,23.15758022680526,2.5116249747863195,0.634279346405571,7.291561263382398
0.5242853759022356,5.034507766099322,1.6681654130593355,21.41700942470484,123.57898846364525,2.228426664462934,36.06211264876753,2.067804933143261,0.7110977116483138,18.38009991776531,1.0549733385180795,9.906152727330866,34.73280442642577,8.22664135311694,3.4277671098664926,1.5419223734398066,5.920960325737457,14.046380562831498
0.5908371948256239,0.1801247004531161,0.0771627789878345,2.5537145257920475,12.435420497643817,0.0229004264491974,0.1355519048234761,16.739617343324166,7.784535748305719,0.824774776542439,0.0394119593475271,0.0085320124551046,0.7430113902537261,0.1126691127755715,0.4722627683917485,0.2746032936526934,0.0520334831347083,0.1121726242336453
1.1734715986411992,0.27386412361038,0.1267633731301167,3.242484398612517,16.85206706716281,0.0304890297932024,0.2663005354024278,20.635236865679595,16.445537505170748,1.7052350379379044,0.0775659510277699,0.0384700127480701,17.861785074184077,0.0250351904538913,0.8305402809118175,0.4096467789591977,0.1074612228433468,0.2197101216680365
2.360319497326698,0.4300299402414599,0.1887079478083956,2.580168346994085,26.39568539113035,0.0243379429247974,0.1751430458176638,22.378079655699096,52.139050000984575,2.9887408975439405,0.1566361880636199,0.0531298299970935,0.4996377650144806,0.4120555833664451,1.4955545447444418,0.4874981826794585,0.1791406860667309,0.531551464595098
5.986016671868496,0.2373400130305862,0.2385601892950626,21.911594220043064,45.93641517805863,0.0225740752231158,0.5795620679953707,20.701681957612266,66.60579668825247,3.3901755484002725,0.2379965393613577,0.143399682681859,3.204434825521439,1.4970448336697255,1.5343719752263745,0.8901699965217328,0.216158286704222,2.323187263104441
0.7494148792677031,0.5262879288766448,0.3704672189916939,16.583008482112806,14.319612752370324,0.1138671068953686,0.7470540371072654,14.34426769126301,29.742392265954727,8.338190151466637,0.3394937553584226,0.4331061717215569,38.77882514944445,1.3258742485013362,2.9465682687753096,1.3090603225646087,0.4597479746013472,38.9437627578141
0.4217367382906046,22.98957173316463,0.1255259110261652,13.736351919289248,15.463666623157312,0.6016402677693056,1.5496124642470963,10.088640335370982,3.643701000518573,4.229851358631636,0.870038075223083,1.1184596213408144,8.283627387654768,22.929921821290712,3.621430446863587,0.9649303638484232,1.833895580918285,1.1044070701579396
0.488168719382791,3.339068330519891,31.968901772355643,23.911260982484823,3.994849727889364,0.9746817765353324,3.1369851669236675,37.94028407027627,1.348792559199269,6.005251990193883,1.851737449043449,35.84856569835863,2.460184888861023,2.813127704730141,2.495037691084109,4.715669843908012,31.758781224459725,11.21802617022877
0.8451170069739695,3.262079726399474,4.060610639902891,24.49953223537719,118.74763750053177,1.2031727465683248,4.52045416548867,5.554121029074152,0.4490066152350296,19.219993368877784,2.374118478766392,1.0906108904022864,12.345610253846017,6.063680485432944,1.322732323568626,6.4644451503976805,1.4117638376829549,4.177552838553054
0.109408773064415,0.4146065965225543,0.102966879358427,0.7370940932251713,33.23370313082277,0.0058207800330535,0.1106567250068105,13.234195632708214,5.6143340488370646,2.386843394039142,0.0271013497650296,0.028101299315492,0.2106283780708525,0.2913257512881028,0.5075158502915479,0.2791752540935253,0.0245561348077222,0.0903413195598322
0.5557011524867772,0.786149323665908,0.3283467289810107,2.647097122294282,17.90998516790171,0.0079283920261606,0.1878915141767447,10.14916727795943,14.284083814290646,0.8810408322966335,0.0880933494380713,0.058328037179594,0.7397768971370261,0.2780022993401106,0.5303075410875103,0.5032634527518893,0.1097233400849979,1.230783977234747
1.6903806525414933,0.7145161658375042,0.4958768443956222,4.559474893578399,13.653635323668931,0.0382139960178915,0.2972028072699514,18.05869196756543,17.30119397964982,0.8520568329145953,0.1391044636745858,0.086979437163765,2.4344467138638426,0.103270814723509,1.063600774886012,0.4014914553282283,0.1771291988181595,32.2236088138997
5.082840735879414,1.317925437857307,0.6901457284719665,12.077117245724084,16.329404810791367,0.0717838338757366,0.3243054732767454,11.609118713008588,53.424363295655496,3.575057048643367,0.2226454243511935,0.0867452163950087,26.34879555036743,0.2172598758327966,1.4471834474519891,1.4741447003070995,0.1715550663225743,0.5122849301517253
0.5979515179130752,2.1608118145246467,0.7803675947137096,19.640728666783577,39.9274764615462,0.1979529942243407,0.4459706067751912,8.382812886768024,22.99092218739921,4.571696322734424,0.2272297849255266,0.2609659157133705,1.9867212652180413,0.6478410446311051,2.051618692163263,1.6529060060312837,0.456515590188501,0.1404178130726337
0.5032595087809103,1.421258576558631,0.9010020194356748,26.949602213648603,11.106083616982607,0.3916227278548684,1.0032251817269129,6.620090933077168,3.0694557468583445,6.999630692708635,0.7980186804784501,0.2145856055582186,8.903131873282211,0.8440400694663154,1.4002787782586432,0.8551098992954332,0.3174240469761383,3.152668623306097
0.7402670338803619,4.710989090382803,1.5771579187049545,23.87661261658281,5.601005056270121,1.123186524263486,1.5780256989882318,4.484174692740691,1.413288676494492,17.745479770434297,0.9686579081989896,0.3420459333114614,15.84443940145029,4.856590000349571,1.5545439152375091,3.958504480812392,0.1059552778887352,0.6627409388949526
0.5583019219259988,2.096695014922855,1.3684994178213337,18.13739736207788,121.13997012953956,2.4211617075735936,2.2877522504362773,3.693861415880783,0.421393116143546,10.303479621428592,1.8532831619233925,2.657052373026996,6.556533109893426,1.6046596827922348,37.78670770001202,3.9191607411092777,5.566506540742263,12.93689234478184
0.003784750345931,2.113662717011401,0.5169326966960659,4.112035314241138,0.0627965065851243,0.0028948092910569,0.002472219099627,0.3031997782585029,6.116176378137454e-07,1.0211381298631736,4.441989319817864e-05,0.008889464172818,0.2440269610783682,0.4755180561865788,0.0046894662922517,0.0139282514384863,0.3501653420626929,0.0457359192782739
0.0062108661534016,3.656110175277635,0.5502717913152564,5.594006272326114,0.1366565117605281,0.0057553757282985,0.0050861631404902,0.5111503671624326,1.526627689458578e-06,1.3957942458127517,7.152908866675097e-05,0.006390905435534,0.4579597038192235,0.8556813907660082,0.0175085064178086,0.0220025770203839,0.5096213203012466,0.1015860719234623
0.0097153638923044,5.392813077561111,1.163492662084301,9.36711688818701,0.2787121251330596,0.0110281354508563,0.0085872193334122,0.5347076880800715,1.4526756458723954e-06,2.830449817637392,0.0001297324478666,0.0296850664634744,0.7845775192116399,1.209798578315367,0.0222503469113986,0.0528259495441688,0.7994945654308458,0.2263636952035328
0.01832995377101,3.735854636518758,2.390955278836406,18.09270004363945,0.3779219517276827,0.0295696404612961,0.0170383993994764,1.1936648488710777,2.2933944822663597e-06,3.69365151149932,0.0001458949400999,0.2221635439226093,1.193985596709611,2.5921263078647487,0.0166190041068653,0.0698229272012364,1.0610918492341748,0.3345899132642561
0.0221245384539086,12.723073595602242,3.2793371124379145,32.600612532516344,0.8367390358319249,0.0391236137964277,0.0367709178312769,2.054728048325565,6.538885825452896e-06,5.4398826732397785,0.0003700774066703,0.6158800552508646,1.7290414464619692,2.468602160432342,0.0344830632957669,0.1311353963278098,1.9893866714052872,0.7271645223380411
0.0408070035022467,19.485464669632314,5.929992518451605,43.93015699164847,0.8105601618637127,0.055616156379574,0.0220227777460663,5.007762735192214,1.2181869989420535e-05,7.710879385722946,0.000606449542103,0.9846890346990824,4.711377005903016,5.088988843250725,0.1240137825168103,0.1499663774902634,4.153153412871675,1.0960961412404455
0.1179613744432348,15.352310198212992,5.883224206312122,36.298016578697606,2.731376621405192,0.1003250672289995,0.0887389900081663,6.721636291959784,2.2284299683908578e-05,8.355019410491341,0.0013732174156587,1.7456167992568965,4.445944474881494,8.666256177176857,0.2850369214626161,0.4224039642459204,3.68366007035788,1.2660341690311454
0.2414145313626737,24.425948874285275,10.20835035999359,54.95263634619906,579.9559811357628,0.177195299035716,0.206608873787853,8.705636714450977,3.738687231641916e-05,16.00218996046423,0.0026687489842665,2.2182902594132847,7.290679141766743,8.282680818873894,0.3134016394421154,0.7402366662616352,12.521562585709754,3.13013325346619
0.0990720167449627,0.4268649633898672,0.1397440270818704,1.2115608148547017,0.6267694221610787,0.0010389736028352,0.1331957292405181,9.442343791361273,5.478217796597408,0.8810287214521071,0.0407602740540287,0.0169971389085479,1.1390172410801918,0.402060456732239,0.9870172620936284,0.3412915935165677,0.0198100892354074,0.0123689584839443
1.0487241194533952,0.5155940333918775,0.1275239514437377,5.345027890440139,3.905120223932228,0.0100496002621823,0.1070574254648367,18.47036616241304,8.788192869188556,1.7862247623704082,0.0400066797322758,0.0130536282449128,37.22491117093674,0.1890483467233236,0.9304678520559228,0.6048893485703576,0.0414896292183366,0.0542219534033175
2.3032744530314537,0.8257052957005381,0.4549715546413653,2.29197520456661,347.7629689970309,0.0320443334027762,0.3528659071274033,13.745356052771264,38.51316620743488,2.243139688925468,0.0953400171227969,0.0348129949576065,0.6289614624585739,0.0889588441017662,1.0835325329136138,0.5442427839975197,0.0763423061304925,0.0878142160796611
5.0374636478032215,1.139237757029098,0.4108549882363128,10.070129611709872,17.95290344170419,0.0414537346636604,0.6816581095960393,19.93784688696857,33.512133756294304,4.1421050367259,0.1947143538974334,0.0177375682990623,2.6447955188059886,0.7725313105899492,1.4915920883523106,0.948203248572526,0.0625075475192614,0.0914643772180539
1.0200796821548137,1.126435110536351,1.0556955110214417,14.383934357738797,12.445030488320436,0.1738631758149262,1.2384965811168431,12.317431987842,9.707541619184568,9.28020735035639,0.4248685376255439,0.0883398973989554,9.059807016043552,1.3100616990729843,2.1502277421949008,2.2817622689041674,0.0610327573947146,1.1256088532939037
0.3912442475062682,4.985955675844896,0.4897388399551965,16.0194288802948,33.60134951129925,0.3373483408606494,1.0558806787011952,8.59542470033364,4.2864399603264,20.368791743430968,0.3557727198863716,1.261430841831266,14.478601581298928,8.291768697878739,2.2981659451044743,1.0079183119787216,1.1694168103760676,6.227641626303524
0.4285047715867204,2.8730334349379945,0.4204515547785943,27.83725473289306,13.97180692609262,1.414389656936542,3.39183894752388,3.224633276605415,0.9544774797031048,23.344703041529066,1.0888877891449893,9.608306709739209,417.4561993356752,1.4952248490757776,1.91181850423764,2.429434450918147,6.37471394417231,9.073236682021603
0.3339262627143662,202.0820055215953,3.708272453616225,32.97541728191103,130.3745412466711,1.2118824087634634,7.664250972631416,3.5233029499499646,0.2468102145095486,171.52018199583318,2.3887392064491317,3.688052939192588,0.3658233365910359,310.7994167555456,1.991137265427592,6.891228650760964,3.504553799196467,302.89003770006195
0.0453052213955623,0.7552752482044753,0.0988309603562245,1.871059900500414,1.0741236641646053,0.0121925362110529,0.1543161307481339,12.496254193579524,5.6820283419905895,1.03825245313451,0.0339555437423212,0.0040724784296036,1.199812937875762,0.0786148286740763,0.8824159773450877,0.3510684478285054,0.0339203434484706,0.6399697247861741
1.5054210745749237,1.1212735123563573,0.20742104566733,2.2610362252834184,1.4926435376583986,0.0297079082315679,0.1338030696159454,16.790915325172104,10.019556619598252,3.2167405279978767,0.0310227186347288,0.014801452241599,2.0199893443621613,0.1115896948511117,1.0965620711919946,0.6146465054294193,0.0493158318505745,1.2303144802869208
4.87679643916032,0.5666718503784623,0.3605728849966293,1.6956262888552935,6.722072913960474,0.0553683731104819,0.571826126233101,20.0705798178188,35.829470814447966,7.300623483180821,0.0926811519098775,0.0225975206306266,1.9156953200719915,0.3667885461650535,1.2061449263125756,0.6815814405125192,0.0321106992063045,3.1102277515668524
3.9727483256764846,0.7792475546746779,0.641074719180052,9.765158782549989,24.551652503452686,0.1395630902086936,0.4281782355539504,11.138411195294989,46.6354087521381,4.891602759459476,0.2155597233326678,0.0428048450425398,7.942466605186804,0.7195125252556086,2.061021273003099,2.042127231405737,0.0662313267070915,0.3978922902569393
0.8890569630468544,1.363251764901388,0.8895187703401859,6.271764654985072,16.717139820684,0.419822318794009,1.7117507412604525,11.685201192404302,28.44808688515523,5.464959909631668,0.303736061470509,0.101601535219382,9.172044652649852,0.804030226315359,2.5204117950806824,1.710975205706568,0.1199246316135575,0.1130513164733048
0.2236389459591892,7.249677281527264,0.9987724576565864,23.802915142481435,12.083126432522985,0.7533773911356024,4.24594378171324,8.140512057987362,2.9367936934806984,22.142442158301687,0.5860284881983645,0.1149609223729733,7.892328473459678,10.188107756703417,4.551314957039184,1.0946457695742482,0.1509709899883848,8.439465421472892
0.3818928207583681,3.679885844419884,0.7286286787789465,19.62799952935286,32.34367437672882,2.103594055791018,10.359365357915996,4.825369152173371,1.6606897053510643,262.09215616783064,1.1609548186912435,5.636467128986073,3.575607668660024,222.4877378088158,10.750718625845291,2.8119547909317766,10.321865646659322,391.3475510445452
0.8386468043318189,31.04069968246352,7.477979956000949,37.70346386858591,123.57246088517674,3.2783590712524853,7.945285702480255,3.847042035298364,0.3917941145884072,16.657002157903193,1.3871437492617162,2.6592833744931976,4.166970881767181,17.548652445042833,3.969311477360494,10.159762097421744,284.28093994081337,1.0457382533765045
0.0305169493128904,0.0896831548329368,0.0810350704842225,1.3535507485924487,174.83798938406207,0.0078104257986776,0.1244280942424108,15.188405894322177,3.379478372483127,0.9978483828995538,0.0274585361159719,0.0729110384210864,1.0173545049774002,2.2244523998748416,1.1921885614094194,0.28291181937219,0.5293408581927788,0.0683966391409884
0.3214307580455979,0.3130405439646067,0.1684566800808888,2.9595887285945244,37.37239454909729,0.0203010749280594,0.1823777123952319,10.80910745205674,15.588749937922127,1.6475282883098057,0.0430776054326392,0.118341923793694,30.05652171144825,2.336748062374433,0.562787571911064,0.8262004793318716,0.7702498652483385,0.1578792170474086
2.4408987340203114,0.5195302940372474,0.4579996989989453,3.797640190433686,15.6596562575427,0.0320918878270244,0.1455211397705274,24.145908170340515,37.03159132490456,3.801917833153449,0.1341980181374423,0.1178635317633437,0.8722445798855375,0.2244661230158803,1.635792742807526,1.2627328816364618,1.033957518016999,1.701820555137458
9.557355717313776,0.8944450807437493,0.2959921675908227,11.462304454417012,14.998434945768006,0.1331819169356298,0.216871892670591,13.549959935378224,39.93086660365949,8.578525022620795,0.2366114211650995,0.0871806199896662,14.93325171354014,1.0850010299604211,1.5432915846755828,2.200923552926927,0.2001497673304493,7.04387131017063
0.936189581151326,1.6474551573249552,0.8370580903258081,7.684253670435465,14.483909112906847,0.4012488133745098,0.7703610259927635,10.10724447468248,18.740810530855025,5.259959249722469,0.4328601762275885,0.1026729666564055,2.7307843273230943,0.0688395376712249,2.4316378701358747,3.26252213388248,0.4173189876911663,0.5608498187199372
0.5033062144210345,2.0977352986082285,1.7722942621825486,22.062873653498684,30.041656745223506,0.4940797028426356,2.738253098532465,9.860279967479794,6.646012039454824,6.820572076790055,0.7082245060498805,0.4484036893844718,12.925833457981453,0.4580279920520351,6.206823949983053,1.4893744840197596,0.590513328197629,3.5805266803827043
0.5910116991978042,2.8205180238661485,1.597832549355343,32.27772239403278,13.666105839279789,1.240530396256201,5.583238657769796,7.192439974716012,1.8621877077733997,19.23943073963776,0.5682887748370217,0.2231555058323174,13.873199681359976,4.757457568237835,3.3844143264617057,4.050232581962791,1.5033756115303938,4.249661476781207
0.5291172009357386,7.592772944537602,3.104507355442541,34.85587734094856,109.32152810760049,1.7081603362915507,6.825918439503162,2.7805519022377725,0.1494005273024132,25.660349149577723,1.7845008938192322,7.552842076527073,448.65390810827626,183.01434508410887,2.374218695440671,8.01187571001978,7.341484983666471,295.52889511040445
0.000916874770987,1.01307352659197,0.2388883605138239,3.5908655105453797,0.054963582675904,0.0040211040518996,0.0031670476860965,0.400674105107517,4.3613614288080486e-07,1.006217190642776,3.128415885666549e-05,0.358927603321941,0.4404268060694157,0.1433548043519989,0.0041388858151391,0.0056356717918465,0.2893090206950026,0.049149744801005
0.0016651306687509,1.1460485562069342,0.566281862283001,5.33419465573328,0.0765667634748038,0.0042307166998882,0.0043379495924863,0.3608970847298426,5.854422568491281e-07,1.9481382397681644,3.323487270100655e-05,0.6996252977444168,0.7375619898265547,0.2300810955169115,0.0066128533416712,0.0113247748837193,0.4177218766647032,0.0674711018456055
0.0046410417357474,2.945519689322017,0.598508436177859,8.340577213498065,0.2000585767075877,0.0137107914918398,0.007712839926506,0.942531815373087,2.6017307127997143e-06,3.1855501491497784,8.744865969784365e-05,0.5731285732583712,0.5855782790368563,1.0475604502390237,0.0142231002173904,0.0345761993387154,0.7749676390648166,0.1238303865220328
0.0066026149450396,6.144111309927386,0.7032040821620014,14.31343751680842,0.1927507223664903,0.0202903724503883,0.0156584084654531,2.155825710731118,3.874326585913919e-06,3.4819776809441354,0.0001442396234354,1.1070067781406236,1.612207745243354,2.22756455637726,0.0130228929970621,0.0643387178688667,1.1103513047945224,0.250863573149384
0.0097153111870739,7.55089462010443,2.260241214661973,33.747343545565826,0.9231586079577404,0.0253438949817434,0.0186535864290918,1.160120213752704,7.039551507827212e-06,2.970191399144437,0.0004631771675384,0.7090995380912812,4.050088803259622,3.3193586949303526,0.0200889310950047,0.0598505960171278,1.9206817396847429,0.2722205603649072
0.0264965597892918,10.310777119275969,4.907071483770336,38.81910010882822,1.473407305669067,0.0557651009319255,0.040110626272779,5.559088990237153,6.7376719382839e-06,8.218422974956548,0.0004908452544883,0.1717171060348497,5.491959377300423,4.864671295879816,0.055949855871508,0.1199726916990777,3.475482026515597,0.572404055587187
0.0607956329910103,13.263901146119858,4.085392751166129,49.97933284574084,3.770633814566766,0.0986359928616193,0.0690835799193456,7.258469526181712,1.942122919095044e-05,9.42842489673456,0.0010331964945697,1.4880373954279575,2.7881057681308525,7.592433859011671,0.1180457362652582,0.252643637037844,3.38136749128218,0.5522523102502412
0.117705991802618,16.247894225749,7.193999898033524,39.00120297315788,547.4052571999007,0.1499030961027958,0.0671182558005808,9.388508953797844,2.676775609319111e-05,12.061973994854112,0.0021001707307762,4.147492672437563,7.462450716519765,11.512411936687286,0.1968196729319945,0.3630994884612112,6.407593310465863,3.081866345115592
